1,1,12,1,8666,路面
1,1,13,1,8671.027027,路面
1,1,14,1,8676.054054,路面
1,1,15,1,8681.081081,路面
1,1,16,1,8686.108108,路面
1,1,17,1,8691.135135,路面
1,1,18,1,8696.162162,路面
1,1,19,1,8701.189189,路面
1,1,20,1,8706.216216,路面
1,1,21,1,8711.243243,路面
1,1,22,1,8716.27027,路面
1,1,23,1,8721.297297,路面
1,1,24,1,8726.324324,路面
1,1,25,1,8731.351351,路面
1,1,26,1,8736.378378,路面
1,1,27,1,8741.405405,路面
1,1,28,1,8746.432432,路面
1,1,29,1,8751.459459,路面
1,1,30,1,8756.486486,路面
1,1,31,1,8761.513514,路面
1,1,32,1,8766.540541,路面
1,1,33,1,8771.567568,路面
1,1,34,1,8776.594595,路面
1,1,35,1,8781.621622,路面
1,1,36,1,8786.648649,路面
1,1,37,1,8791.675676,路面
1,1,38,1,8796.702703,路面
1,1,39,1,8801.72973,路面
1,1,40,1,8806.756757,路面
1,1,41,1,8811.783784,路面
1,1,42,1,8816.810811,路面
1,1,43,1,8821.837838,路面
1,1,44,1,8826.864865,路面
1,1,45,1,8831.891892,路面
1,1,46,1,8836.918919,路面
1,1,47,1,8841.945946,路面
1,1,48,1,8846.972973,路面
1,1,49,1,8852,路面
1,1,50,1,8857.027027,路面
1,1,51,1,8862.054054,路面
1,1,52,1,8867.081081,路面
1,1,53,1,8872.108108,路面
1,1,54,1,8877.135135,路面
1,1,55,1,8882.162162,路面
1,1,56,1,8887.189189,路面
1,1,57,1,8892.216216,路面
1,1,58,1,8897.243243,路面
1,1,59,1,8902.27027,路面
1,1,60,1,8907.297297,路面
1,1,61,1,8912.324324,路面
1,1,62,1,8917.351351,路面
1,1,63,1,8922.378378,路面
1,1,64,1,8927.405405,路面
1,1,65,1,8932.432432,路面
1,1,66,1,8937.459459,路面
1,1,67,1,8942.486486,路面
1,1,68,1,8947.513514,路面
1,1,69,1,8952.540541,路面
1,1,70,1,8957.567568,路面
1,1,71,1,8962.594595,路面
1,1,72,1,8967.621622,路面
1,1,73,1,8972.648649,路面
1,1,74,1,8977.675676,路面
1,1,75,1,8982.702703,路面
1,1,76,1,8987.72973,路面
1,1,77,1,8992.756757,路面
1,1,78,1,8997.783784,路面
1,1,79,1,9002.810811,路面
1,1,80,1,9007.837838,路面
1,1,81,1,9012.864865,路面
1,1,82,1,9017.891892,路面
1,1,83,1,9022.918919,路面
1,1,84,1,9027.945946,路面
1,1,85,1,9032.972973,路面
1,1,86,1,9038,路面
1,1,87,1,9043.027027,路面
1,1,88,1,9048.054054,路面
1,1,89,1,9053.081081,路面
1,1,90,1,9058.108108,路面
1,1,91,1,9063.135135,路面
1,1,92,1,9068.162162,路面
1,1,93,1,9073.189189,路面
1,1,94,1,9078.216216,路面
1,1,95,1,9083.243243,路面
1,1,96,1,9088.27027,路面
1,1,97,1,9093.297297,路面
1,1,98,1,9098.324324,路面
1,1,99,1,9103.351351,路面
1,1,100,1,9108.378378,路面
1,1,101,1,9113.405405,路面
1,1,102,1,9118.432432,路面
1,1,103,1,9123.459459,路面
1,1,104,1,9128.486486,路面
1,1,105,1,9133.513514,路面
1,1,106,1,9138.540541,路面
1,1,107,1,9143.567568,路面
1,1,108,1,9148.594595,路面
1,1,109,1,9153.621622,路面
1,1,110,1,9158.648649,路面
1,1,111,1,9163.675676,路面
1,1,112,1,9168.702703,路面
1,1,113,1,9173.72973,路面
1,1,114,1,9178.756757,路面
1,1,115,1,9183.783784,路面
1,1,116,1,9188.810811,路面
1,1,117,1,9193.837838,路面
1,1,118,1,9198.864865,路面
1,1,119,1,9203.891892,路面
1,1,120,1,9208.918919,路面
1,1,121,1,9213.945946,路面
1,1,122,1,9218.972973,路面
1,1,123,1,9224,路面
1,2,2,2,8666,路面
1,2,3,2,8671.027027,路面
1,2,4,2,8676.054054,路面
1,2,5,2,8681.081081,路面
1,2,6,2,8686.108108,路面
1,2,7,2,8691.135135,路面
1,2,8,2,8696.162162,路面
1,2,9,2,8701.189189,路面
1,2,10,2,8706.216216,路面
1,2,11,2,8711.243243,路面
1,2,12,2,8716.27027,路面
1,2,13,2,8721.297297,路面
1,2,14,2,8726.324324,路面
1,2,15,2,8731.351351,路面
1,2,16,2,8736.378378,路面
1,2,17,2,8741.405405,路面
1,2,18,2,8746.432432,路面
1,2,19,2,8751.459459,路面
1,2,20,2,8756.486486,路面
1,2,21,2,8761.513514,路面
1,2,22,2,8766.540541,路面
1,2,23,2,8771.567568,路面
1,2,24,2,8776.594595,路面
1,2,25,2,8781.621622,路面
1,2,26,2,8786.648649,路面
1,2,27,2,8791.675676,路面
1,2,28,2,8796.702703,路面
1,2,29,2,8801.72973,路面
1,2,30,2,8806.756757,路面
1,2,31,2,8811.783784,路面
1,2,32,2,8816.810811,路面
1,2,33,2,8821.837838,路面
1,2,34,2,8826.864865,路面
1,2,35,2,8831.891892,路面
1,2,36,2,8836.918919,路面
1,2,37,2,8841.945946,路面
1,2,38,2,8846.972973,路面
1,2,39,2,8852,路面
1,2,40,2,8857.027027,路面
1,2,41,2,8862.054054,路面
1,2,42,2,8867.081081,路面
1,2,43,2,8872.108108,路面
1,2,44,2,8877.135135,路面
1,2,45,2,8882.162162,路面
1,2,46,2,8887.189189,路面
1,2,47,2,8892.216216,路面
1,2,48,2,8897.243243,路面
1,2,49,2,8902.27027,路面
1,2,50,2,8907.297297,路面
1,2,51,2,8912.324324,路面
1,2,52,2,8917.351351,路面
1,2,53,2,8922.378378,路面
1,2,54,2,8927.405405,路面
1,2,55,2,8932.432432,路面
1,2,56,2,8937.459459,路面
1,2,57,2,8942.486486,路面
1,2,58,2,8947.513514,路面
1,2,59,2,8952.540541,路面
1,2,60,2,8957.567568,路面
1,2,61,2,8962.594595,路面
1,2,62,2,8967.621622,路面
1,2,63,2,8972.648649,路面
1,2,64,2,8977.675676,路面
1,2,65,2,8982.702703,路面
1,2,66,2,8987.72973,路面
1,2,67,2,8992.756757,路面
1,2,68,2,8997.783784,路面
1,2,69,2,9002.810811,路面
1,2,70,2,9007.837838,路面
1,2,71,2,9012.864865,路面
1,2,72,2,9017.891892,路面
1,2,73,2,9022.918919,路面
1,2,74,2,9027.945946,路面
1,2,75,2,9032.972973,路面
1,2,76,2,9038,路面
1,2,77,2,9043.027027,路面
1,2,78,2,9048.054054,路面
1,2,79,2,9053.081081,路面
1,2,80,2,9058.108108,路面
1,2,81,2,9063.135135,路面
1,2,82,2,9068.162162,路面
1,2,83,2,9073.189189,路面
1,2,84,2,9078.216216,路面
1,2,85,2,9083.243243,路面
1,2,86,2,9088.27027,路面
1,2,87,2,9093.297297,路面
1,2,88,2,9098.324324,路面
1,2,89,2,9103.351351,路面
1,2,90,2,9108.378378,路面
1,2,91,2,9113.405405,路面
1,2,92,2,9118.432432,路面
1,2,93,2,9123.459459,路面
1,2,94,2,9128.486486,路面
1,2,95,2,9133.513514,路面
1,2,96,2,9138.540541,路面
1,2,97,2,9143.567568,路面
1,2,98,2,9148.594595,路面
1,2,99,2,9153.621622,路面
1,2,100,2,9158.648649,路面
1,2,101,2,9163.675676,路面
1,2,102,2,9168.702703,路面
1,2,103,2,9173.72973,路面
1,2,104,2,9178.756757,路面
1,2,105,2,9183.783784,路面
1,2,106,2,9188.810811,路面
1,2,107,2,9193.837838,路面
1,2,108,2,9198.864865,路面
1,2,109,2,9203.891892,路面
1,2,110,2,9208.918919,路面
1,2,111,2,9213.945946,路面
1,2,112,2,9218.972973,路面
1,2,113,2,9224,路面
1,3,2,3,8666,路面
1,3,3,3,8671.027027,路面
1,3,4,3,8676.054054,路面
1,3,5,3,8681.081081,路面
1,3,6,3,8686.108108,路面
1,3,7,3,8691.135135,路面
1,3,8,3,8696.162162,路面
1,3,9,3,8701.189189,路面
1,3,10,3,8706.216216,路面
1,3,11,3,8711.243243,路面
1,3,12,3,8716.27027,路面
1,3,13,3,8721.297297,路面
1,3,14,3,8726.324324,路面
1,3,15,3,8731.351351,路面
1,3,16,3,8736.378378,路面
1,3,17,3,8741.405405,路面
1,3,18,3,8746.432432,路面
1,3,19,3,8751.459459,路面
1,3,20,3,8756.486486,路面
1,3,21,3,8761.513514,路面
1,3,22,3,8766.540541,路面
1,3,23,3,8771.567568,路面
1,3,24,3,8776.594595,路面
1,3,25,3,8781.621622,路面
1,3,26,3,8786.648649,路面
1,3,27,3,8791.675676,路面
1,3,28,3,8796.702703,路面
1,3,29,3,8801.72973,路面
1,3,30,3,8806.756757,路面
1,3,31,3,8811.783784,路面
1,3,32,3,8816.810811,路面
1,3,33,3,8821.837838,路面
1,3,34,3,8826.864865,路面
1,3,35,3,8831.891892,路面
1,3,36,3,8836.918919,路面
1,3,37,3,8841.945946,路面
1,3,38,3,8846.972973,路面
1,3,39,3,8852,路面
1,3,40,3,8857.027027,路面
1,3,41,3,8862.054054,路面
1,3,42,3,8867.081081,路面
1,3,43,3,8872.108108,路面
1,3,44,3,8877.135135,路面
1,3,45,3,8882.162162,路面
1,3,46,3,8887.189189,路面
1,3,47,3,8892.216216,路面
1,3,48,3,8897.243243,路面
1,3,49,3,8902.27027,路面
1,3,50,3,8907.297297,路面
1,3,51,3,8912.324324,路面
1,3,52,3,8917.351351,路面
1,3,53,3,8922.378378,路面
1,3,54,3,8927.405405,路面
1,3,55,3,8932.432432,路面
1,3,56,3,8937.459459,路面
1,3,57,3,8942.486486,路面
1,3,58,3,8947.513514,路面
1,3,59,3,8952.540541,路面
1,3,60,3,8957.567568,路面
1,3,61,3,8962.594595,路面
1,3,62,3,8967.621622,路面
1,3,63,3,8972.648649,路面
1,3,64,3,8977.675676,路面
1,3,65,3,8982.702703,路面
1,3,66,3,8987.72973,路面
1,3,67,3,8992.756757,路面
1,3,68,3,8997.783784,路面
1,3,69,3,9002.810811,路面
1,3,70,3,9007.837838,路面
1,3,71,3,9012.864865,路面
1,3,72,3,9017.891892,路面
1,3,73,3,9022.918919,路面
1,3,74,3,9027.945946,路面
1,3,75,3,9032.972973,路面
1,3,76,3,9038,路面
1,3,77,3,9043.027027,路面
1,3,78,3,9048.054054,路面
1,3,79,3,9053.081081,路面
1,3,80,3,9058.108108,路面
1,3,81,3,9063.135135,路面
1,3,82,3,9068.162162,路面
1,3,83,3,9073.189189,路面
1,3,84,3,9078.216216,路面
1,3,85,3,9083.243243,路面
1,3,86,3,9088.27027,路面
1,3,87,3,9093.297297,路面
1,3,88,3,9098.324324,路面
1,3,89,3,9103.351351,路面
1,3,90,3,9108.378378,路面
1,3,91,3,9113.405405,路面
1,3,92,3,9118.432432,路面
1,3,93,3,9123.459459,路面
1,3,94,3,9128.486486,路面
1,3,95,3,9133.513514,路面
1,3,96,3,9138.540541,路面
1,3,97,3,9143.567568,路面
1,3,98,3,9148.594595,路面
1,3,99,3,9153.621622,路面
1,3,100,3,9158.648649,路面
1,3,101,3,9163.675676,路面
1,3,102,3,9168.702703,路面
1,3,103,3,9173.72973,路面
1,3,104,3,9178.756757,路面
1,3,105,3,9183.783784,路面
1,3,106,3,9188.810811,路面
1,3,107,3,9193.837838,路面
1,3,108,3,9198.864865,路面
1,3,109,3,9203.891892,路面
1,3,110,3,9208.918919,路面
1,3,111,3,9213.945946,路面
1,3,112,3,9218.972973,路面
1,3,113,3,9224,路面
1,4,0,4,8666,路面
1,4,1,4,8671.027027,路面
1,4,2,4,8676.054054,路面
1,4,3,4,8681.081081,路面
1,4,4,4,8686.108108,路面
1,4,5,4,8691.135135,路面
1,4,6,4,8696.162162,路面
1,4,7,4,8701.189189,路面
1,4,8,4,8706.216216,路面
1,4,9,4,8711.243243,路面
1,4,10,4,8716.27027,路面
1,4,11,4,8721.297297,路面
1,4,12,4,8726.324324,路面
1,4,13,4,8731.351351,路面
1,4,14,4,8736.378378,路面
1,4,15,4,8741.405405,路面
1,4,16,4,8746.432432,路面
1,4,17,4,8751.459459,路面
1,4,18,4,8756.486486,路面
1,4,19,4,8761.513514,路面
1,4,20,4,8766.540541,路面
1,4,21,4,8771.567568,路面
1,4,22,4,8776.594595,路面
1,4,23,4,8781.621622,路面
1,4,24,4,8786.648649,路面
1,4,25,4,8791.675676,路面
1,4,26,4,8796.702703,路面
1,4,27,4,8801.72973,路面
1,4,28,4,8806.756757,路面
1,4,29,4,8811.783784,路面
1,4,30,4,8816.810811,路面
1,4,31,4,8821.837838,路面
1,4,32,4,8826.864865,路面
1,4,33,4,8831.891892,路面
1,4,34,4,8836.918919,路面
1,4,35,4,8841.945946,路面
1,4,36,4,8846.972973,路面
1,4,37,4,8852,路面
1,4,38,4,8857.027027,路面
1,4,39,4,8862.054054,路面
1,4,40,4,8867.081081,路面
1,4,41,4,8872.108108,路面
1,4,42,4,8877.135135,路面
1,4,43,4,8882.162162,路面
1,4,44,4,8887.189189,路面
1,4,45,4,8892.216216,路面
1,4,46,4,8897.243243,路面
1,4,47,4,8902.27027,路面
1,4,48,4,8907.297297,路面
1,4,49,4,8912.324324,路面
1,4,50,4,8917.351351,路面
1,4,51,4,8922.378378,路面
1,4,52,4,8927.405405,路面
1,4,53,4,8932.432432,路面
1,4,54,4,8937.459459,路面
1,4,55,4,8942.486486,路面
1,4,56,4,8947.513514,路面
1,4,57,4,8952.540541,路面
1,4,58,4,8957.567568,路面
1,4,59,4,8962.594595,路面
1,4,60,4,8967.621622,路面
1,4,61,4,8972.648649,路面
1,4,62,4,8977.675676,路面
1,4,63,4,8982.702703,路面
1,4,64,4,8987.72973,路面
1,4,65,4,8992.756757,路面
1,4,66,4,8997.783784,路面
1,4,67,4,9002.810811,路面
1,4,68,4,9007.837838,路面
1,4,69,4,9012.864865,路面
1,4,70,4,9017.891892,路面
1,4,71,4,9022.918919,路面
1,4,72,4,9027.945946,路面
1,4,73,4,9032.972973,路面
1,4,74,4,9038,路面
1,4,75,4,9043.027027,路面
1,4,76,4,9048.054054,路面
1,4,77,4,9053.081081,路面
1,4,78,4,9058.108108,路面
1,4,79,4,9063.135135,路面
1,4,80,4,9068.162162,路面
1,4,81,4,9073.189189,路面
1,4,82,4,9078.216216,路面
1,4,83,4,9083.243243,路面
1,4,84,4,9088.27027,路面
1,4,85,4,9093.297297,路面
1,4,86,4,9098.324324,路面
1,4,87,4,9103.351351,路面
1,4,88,4,9108.378378,路面
1,4,89,4,9113.405405,路面
1,4,90,4,9118.432432,路面
1,4,91,4,9123.459459,路面
1,4,92,4,9128.486486,路面
1,4,93,4,9133.513514,路面
1,4,94,4,9138.540541,路面
1,4,95,4,9143.567568,路面
1,4,96,4,9148.594595,路面
1,4,97,4,9153.621622,路面
1,4,98,4,9158.648649,路面
1,4,99,4,9163.675676,路面
1,4,100,4,9168.702703,路面
1,4,101,4,9173.72973,路面
1,4,102,4,9178.756757,路面
1,4,103,4,9183.783784,路面
1,4,104,4,9188.810811,路面
1,4,105,4,9193.837838,路面
1,4,106,4,9198.864865,路面
1,4,107,4,9203.891892,路面
1,4,108,4,9208.918919,路面
1,4,109,4,9213.945946,路面
1,4,110,4,9218.972973,路面
1,4,111,4,9224,路面
1,1,129,1,9228.333333,过渡段
1,1,131,1,9232.666667,过渡段
1,1,129,2,9228.333333,过渡段
1,1,132,2,9232.666667,过渡段
1,1,128,3,9228.333333,过渡段
1,1,133,3,9232.666667,过渡段
1,1,128,4,9228.333333,过渡段
1,1,134,4,9232.666667,过渡段
2,1,25,1,9237,桥面
2,1,24,1,9241.730769,桥面
2,1,23,1,9246.461538,桥面
2,1,23,1,9251.192308,桥面
2,1,22,1,9255.923077,桥面
2,1,21,1,9260.653846,桥面
2,1,20,1,9265.384615,桥面
2,1,19,1,9270.115385,桥面
2,1,19,1,9274.846154,桥面
2,1,18,1,9279.576923,桥面
2,1,17,1,9284.307692,桥面
2,1,16,1,9289.038462,桥面
2,1,15,1,9293.769231,桥面
2,1,15,1,9298.5,桥面
2,1,14,1,9303.230769,桥面
2,1,13,1,9307.961538,桥面
2,1,12,1,9312.692308,桥面
2,1,11,1,9317.423077,桥面
2,1,10,1,9322.153846,桥面
2,1,10,1,9326.884615,桥面
2,1,9,1,9331.615385,桥面
2,1,8,1,9336.346154,桥面
2,1,7,1,9341.076923,桥面
2,1,6,1,9345.807692,桥面
2,1,6,1,9350.538462,桥面
2,1,5,1,9355.269231,桥面
2,1,4,1,9360,桥面
2,1,27,2,9237,桥面
2,1,28,2,9241.730769,桥面
2,1,29,2,9246.461538,桥面
2,1,30,2,9251.192308,桥面
2,1,31,2,9255.923077,桥面
2,1,32,2,9260.653846,桥面
2,1,33,2,9265.384615,桥面
2,1,34,2,9270.115385,桥面
2,1,35,2,9274.846154,桥面
2,1,36,2,9279.576923,桥面
2,1,37,2,9284.307692,桥面
2,1,38,2,9289.038462,桥面
2,1,39,2,9293.769231,桥面
2,1,40,2,9298.5,桥面
2,1,41,2,9303.230769,桥面
2,1,42,2,9307.961538,桥面
2,1,43,2,9312.692308,桥面
2,1,44,2,9317.423077,桥面
2,1,45,2,9322.153846,桥面
2,1,46,2,9326.884615,桥面
2,1,47,2,9331.615385,桥面
2,1,48,2,9336.346154,桥面
2,1,49,2,9341.076923,桥面
2,1,50,2,9345.807692,桥面
2,1,51,2,9350.538462,桥面
2,1,52,2,9355.269231,桥面
2,1,53,2,9360,桥面
2,1,75,3,9237,桥面
2,1,74,3,9241.730769,桥面
2,1,73,3,9246.461538,桥面
2,1,73,3,9251.192308,桥面
2,1,72,3,9255.923077,桥面
2,1,71,3,9260.653846,桥面
2,1,70,3,9265.384615,桥面
2,1,69,3,9270.115385,桥面
2,1,69,3,9274.846154,桥面
2,1,68,3,9279.576923,桥面
2,1,67,3,9284.307692,桥面
2,1,66,3,9289.038462,桥面
2,1,65,3,9293.769231,桥面
2,1,65,3,9298.5,桥面
2,1,64,3,9303.230769,桥面
2,1,63,3,9307.961538,桥面
2,1,62,3,9312.692308,桥面
2,1,61,3,9317.423077,桥面
2,1,60,3,9322.153846,桥面
2,1,60,3,9326.884615,桥面
2,1,59,3,9331.615385,桥面
2,1,58,3,9336.346154,桥面
2,1,57,3,9341.076923,桥面
2,1,56,3,9345.807692,桥面
2,1,56,3,9350.538462,桥面
2,1,55,3,9355.269231,桥面
2,1,54,3,9360,桥面
2,1,76,4,9237,桥面
2,1,77,4,9241.730769,桥面
2,1,78,4,9246.461538,桥面
2,1,79,4,9251.192308,桥面
2,1,80,4,9255.923077,桥面
2,1,80,4,9260.653846,桥面
2,1,81,4,9265.384615,桥面
2,1,82,4,9270.115385,桥面
2,1,83,4,9274.846154,桥面
2,1,84,4,9279.576923,桥面
2,1,85,4,9284.307692,桥面
2,1,86,4,9289.038462,桥面
2,1,87,4,9293.769231,桥面
2,1,88,4,9298.5,桥面
2,1,88,4,9303.230769,桥面
2,1,89,4,9307.961538,桥面
2,1,90,4,9312.692308,桥面
2,1,91,4,9317.423077,桥面
2,1,92,4,9322.153846,桥面
2,1,93,4,9326.884615,桥面
2,1,94,4,9331.615385,桥面
2,1,95,4,9336.346154,桥面
2,1,95,4,9341.076923,桥面
2,1,96,4,9345.807692,桥面
2,1,97,4,9350.538462,桥面
2,1,98,4,9355.269231,桥面
2,1,99,4,9360,桥面
2,1,106,1,9362,桥面
2,1,107,1,9367.125,桥面
2,1,108,1,9372.25,桥面
2,1,109,1,9377.375,桥面
2,1,110,1,9382.5,桥面
2,1,111,1,9387.625,桥面
2,1,112,1,9392.75,桥面
2,1,113,1,9397.875,桥面
2,1,114,1,9403,桥面
2,1,115,1,9408.125,桥面
2,1,116,1,9413.25,桥面
2,1,117,1,9418.375,桥面
2,1,118,1,9423.5,桥面
2,1,118,1,9428.625,桥面
2,1,119,1,9433.75,桥面
2,1,120,1,9438.875,桥面
2,1,121,1,9444,桥面
2,1,122,1,9449.125,桥面
2,1,123,1,9454.25,桥面
2,1,124,1,9459.375,桥面
2,1,125,1,9464.5,桥面
2,1,126,1,9469.625,桥面
2,1,127,1,9474.75,桥面
2,1,128,1,9479.875,桥面
2,1,129,1,9485,桥面
2,1,154,2,9362,桥面
2,1,153,2,9367.125,桥面
2,1,152,2,9372.25,桥面
2,1,151,2,9377.375,桥面
2,1,150,2,9382.5,桥面
2,1,149,2,9387.625,桥面
2,1,148,2,9392.75,桥面
2,1,147,2,9397.875,桥面
2,1,146,2,9403,桥面
2,1,145,2,9408.125,桥面
2,1,144,2,9413.25,桥面
2,1,143,2,9418.375,桥面
2,1,143,2,9423.5,桥面
2,1,142,2,9428.625,桥面
2,1,141,2,9433.75,桥面
2,1,140,2,9438.875,桥面
2,1,139,2,9444,桥面
2,1,138,2,9449.125,桥面
2,1,137,2,9454.25,桥面
2,1,136,2,9459.375,桥面
2,1,135,2,9464.5,桥面
2,1,134,2,9469.625,桥面
2,1,133,2,9474.75,桥面
2,1,132,2,9479.875,桥面
2,1,131,2,9485,桥面
2,1,155,3,9362,桥面
2,1,156,3,9367.125,桥面
2,1,157,3,9372.25,桥面
2,1,158,3,9377.375,桥面
2,1,159,3,9382.5,桥面
2,1,160,3,9387.625,桥面
2,1,161,3,9392.75,桥面
2,1,162,3,9397.875,桥面
2,1,163,3,9403,桥面
2,1,164,3,9408.125,桥面
2,1,165,3,9413.25,桥面
2,1,166,3,9418.375,桥面
2,1,167,3,9423.5,桥面
2,1,168,3,9428.625,桥面
2,1,169,3,9433.75,桥面
2,1,170,3,9438.875,桥面
2,1,171,3,9444,桥面
2,1,172,3,9449.125,桥面
2,1,173,3,9454.25,桥面
2,1,174,3,9459.375,桥面
2,1,175,3,9464.5,桥面
2,1,176,3,9469.625,桥面
2,1,177,3,9474.75,桥面
2,1,178,3,9479.875,桥面
2,1,179,3,9485,桥面
2,1,204,4,9362,桥面
2,1,203,4,9367.125,桥面
2,1,202,4,9372.25,桥面
2,1,201,4,9377.375,桥面
2,1,200,4,9382.5,桥面
2,1,199,4,9387.625,桥面
2,1,198,4,9392.75,桥面
2,1,197,4,9397.875,桥面
2,1,196,4,9403,桥面
2,1,195,4,9408.125,桥面
2,1,194,4,9413.25,桥面
2,1,193,4,9418.375,桥面
2,1,192,4,9423.5,桥面
2,1,191,4,9428.625,桥面
2,1,190,4,9433.75,桥面
2,1,189,4,9438.875,桥面
2,1,188,4,9444,桥面
2,1,187,4,9449.125,桥面
2,1,186,4,9454.25,桥面
2,1,185,4,9459.375,桥面
2,1,184,4,9464.5,桥面
2,1,183,4,9469.625,桥面
2,1,182,4,9474.75,桥面
2,1,181,4,9479.875,桥面
2,1,180,4,9485,桥面
2,2,3,1,9487,桥面
2,2,4,1,9492.125,桥面
2,2,5,1,9497.25,桥面
2,2,6,1,9502.375,桥面
2,2,7,1,9507.5,桥面
2,2,8,1,9512.625,桥面
2,2,9,1,9517.75,桥面
2,2,9,1,9522.875,桥面
2,2,10,1,9528,桥面
2,2,11,1,9533.125,桥面
2,2,12,1,9538.25,桥面
2,2,13,1,9543.375,桥面
2,2,14,1,9548.5,桥面
2,2,15,1,9553.625,桥面
2,2,16,1,9558.75,桥面
2,2,17,1,9563.875,桥面
2,2,18,1,9569,桥面
2,2,19,1,9574.125,桥面
2,2,20,1,9579.25,桥面
2,2,20,1,9584.375,桥面
2,2,21,1,9589.5,桥面
2,2,22,1,9594.625,桥面
2,2,23,1,9599.75,桥面
2,2,24,1,9604.875,桥面
2,2,25,1,9610,桥面
2,2,49,2,9487,桥面
2,2,48,2,9492.125,桥面
2,2,47,2,9497.25,桥面
2,2,46,2,9502.375,桥面
2,2,45,2,9507.5,桥面
2,2,44,2,9512.625,桥面
2,2,43,2,9517.75,桥面
2,2,42,2,9522.875,桥面
2,2,41,2,9528,桥面
2,2,40,2,9533.125,桥面
2,2,39,2,9538.25,桥面
2,2,38,2,9543.375,桥面
2,2,38,2,9548.5,桥面
2,2,37,2,9553.625,桥面
2,2,36,2,9558.75,桥面
2,2,35,2,9563.875,桥面
2,2,34,2,9569,桥面
2,2,33,2,9574.125,桥面
2,2,32,2,9579.25,桥面
2,2,31,2,9584.375,桥面
2,2,30,2,9589.5,桥面
2,2,29,2,9594.625,桥面
2,2,28,2,9599.75,桥面
2,2,27,2,9604.875,桥面
2,2,26,2,9610,桥面
2,2,51,3,9487,桥面
2,2,52,3,9492.125,桥面
2,2,53,3,9497.25,桥面
2,2,54,3,9502.375,桥面
2,2,55,3,9507.5,桥面
2,2,56,3,9512.625,桥面
2,2,57,3,9517.75,桥面
2,2,58,3,9522.875,桥面
2,2,59,3,9528,桥面
2,2,60,3,9533.125,桥面
2,2,61,3,9538.25,桥面
2,2,62,3,9543.375,桥面
2,2,63,3,9548.5,桥面
2,2,64,3,9553.625,桥面
2,2,65,3,9558.75,桥面
2,2,66,3,9563.875,桥面
2,2,67,3,9569,桥面
2,2,68,3,9574.125,桥面
2,2,69,3,9579.25,桥面
2,2,70,3,9584.375,桥面
2,2,71,3,9589.5,桥面
2,2,72,3,9594.625,桥面
2,2,73,3,9599.75,桥面
2,2,74,3,9604.875,桥面
2,2,75,3,9610,桥面
2,2,99,4,9487,桥面
2,2,98,4,9492.125,桥面
2,2,97,4,9497.25,桥面
2,2,96,4,9502.375,桥面
2,2,95,4,9507.5,桥面
2,2,94,4,9512.625,桥面
2,2,93,4,9517.75,桥面
2,2,92,4,9522.875,桥面
2,2,91,4,9528,桥面
2,2,90,4,9533.125,桥面
2,2,89,4,9538.25,桥面
2,2,88,4,9543.375,桥面
2,2,88,4,9548.5,桥面
2,2,87,4,9553.625,桥面
2,2,86,4,9558.75,桥面
2,2,85,4,9563.875,桥面
2,2,84,4,9569,桥面
2,2,83,4,9574.125,桥面
2,2,82,4,9579.25,桥面
2,2,81,4,9584.375,桥面
2,2,80,4,9589.5,桥面
2,2,79,4,9594.625,桥面
2,2,78,4,9599.75,桥面
2,2,77,4,9604.875,桥面
2,2,76,4,9610,桥面
1,1,139,1,9614.333333,过渡段
1,1,140,1,9618.666667,过渡段
1,1,139,2,9614.333333,过渡段
1,1,141,2,9618.666667,过渡段
1,1,138,3,9614.333333,过渡段
1,1,143,3,9618.666667,过渡段
1,1,137,4,9614.333333,过渡段
1,1,144,4,9618.666667,过渡段
1,1,148,1,9623,路面
1,1,149,1,9628.034783,路面
1,1,150,1,9633.069565,路面
1,1,151,1,9638.104348,路面
1,1,152,1,9643.13913,路面
1,1,153,1,9648.173913,路面
1,1,154,1,9653.208696,路面
1,1,155,1,9658.243478,路面
1,1,156,1,9663.278261,路面
1,1,157,1,9668.313043,路面
1,1,158,1,9673.347826,路面
1,1,159,1,9678.382609,路面
1,1,160,1,9683.417391,路面
1,1,161,1,9688.452174,路面
1,1,162,1,9693.486957,路面
1,1,163,1,9698.521739,路面
1,1,164,1,9703.556522,路面
1,1,165,1,9708.591304,路面
1,1,166,1,9713.626087,路面
1,1,167,1,9718.66087,路面
1,1,168,1,9723.695652,路面
1,1,169,1,9728.730435,路面
1,1,170,1,9733.765217,路面
1,1,171,1,9738.8,路面
1,1,172,1,9743.834783,路面
1,1,173,1,9748.869565,路面
1,1,174,1,9753.904348,路面
1,1,175,1,9758.93913,路面
1,1,176,1,9763.973913,路面
1,1,177,1,9769.008696,路面
1,1,178,1,9774.043478,路面
1,1,179,1,9779.078261,路面
1,1,180,1,9784.113043,路面
1,1,181,1,9789.147826,路面
1,1,182,1,9794.182609,路面
1,1,183,1,9799.217391,路面
1,1,184,1,9804.252174,路面
1,1,185,1,9809.286957,路面
1,1,186,1,9814.321739,路面
1,1,187,1,9819.356522,路面
1,1,188,1,9824.391304,路面
1,1,189,1,9829.426087,路面
1,1,190,1,9834.46087,路面
1,1,191,1,9839.495652,路面
1,1,192,1,9844.530435,路面
1,1,193,1,9849.565217,路面
1,1,194,1,9854.6,路面
1,1,195,1,9859.634783,路面
1,1,196,1,9864.669565,路面
1,1,197,1,9869.704348,路面
1,1,198,1,9874.73913,路面
1,1,199,1,9879.773913,路面
1,1,200,1,9884.808696,路面
1,1,201,1,9889.843478,路面
1,1,202,1,9894.878261,路面
1,1,203,1,9899.913043,路面
1,1,204,1,9904.947826,路面
1,1,205,1,9909.982609,路面
1,1,206,1,9915.017391,路面
1,1,207,1,9920.052174,路面
1,1,208,1,9925.086957,路面
1,1,209,1,9930.121739,路面
1,1,210,1,9935.156522,路面
1,1,211,1,9940.191304,路面
1,1,212,1,9945.226087,路面
1,1,213,1,9950.26087,路面
1,1,214,1,9955.295652,路面
1,1,215,1,9960.330435,路面
1,1,216,1,9965.365217,路面
1,1,217,1,9970.4,路面
1,1,218,1,9975.434783,路面
1,1,219,1,9980.469565,路面
1,1,220,1,9985.504348,路面
1,1,221,1,9990.53913,路面
1,1,222,1,9995.573913,路面
1,1,223,1,10000.6087,路面
1,1,224,1,10005.64348,路面
1,1,225,1,10010.67826,路面
1,1,226,1,10015.71304,路面
1,1,227,1,10020.74783,路面
1,1,228,1,10025.78261,路面
1,1,229,1,10030.81739,路面
1,1,230,1,10035.85217,路面
1,1,231,1,10040.88696,路面
1,1,232,1,10045.92174,路面
1,1,233,1,10050.95652,路面
1,1,234,1,10055.9913,路面
1,1,235,1,10061.02609,路面
1,1,236,1,10066.06087,路面
1,1,237,1,10071.09565,路面
1,1,238,1,10076.13043,路面
1,1,239,1,10081.16522,路面
1,1,240,1,10086.2,路面
1,1,241,1,10091.23478,路面
1,1,242,1,10096.26957,路面
1,1,243,1,10101.30435,路面
1,1,244,1,10106.33913,路面
1,1,245,1,10111.37391,路面
1,1,246,1,10116.4087,路面
1,1,247,1,10121.44348,路面
1,1,248,1,10126.47826,路面
1,1,249,1,10131.51304,路面
1,1,250,1,10136.54783,路面
1,1,251,1,10141.58261,路面
1,1,252,1,10146.61739,路面
1,1,253,1,10151.65217,路面
1,1,254,1,10156.68696,路面
1,1,255,1,10161.72174,路面
1,1,256,1,10166.75652,路面
1,1,257,1,10171.7913,路面
1,1,258,1,10176.82609,路面
1,1,259,1,10181.86087,路面
1,1,260,1,10186.89565,路面
1,1,261,1,10191.93043,路面
1,1,262,1,10196.96522,路面
1,1,263,1,10202,路面
1,1,264,1,10207.03478,路面
1,1,265,1,10212.06957,路面
1,1,266,1,10217.10435,路面
1,1,267,1,10222.13913,路面
1,1,268,1,10227.17391,路面
1,1,269,1,10232.2087,路面
1,1,270,1,10237.24348,路面
1,1,271,1,10242.27826,路面
1,1,272,1,10247.31304,路面
1,1,273,1,10252.34783,路面
1,1,274,1,10257.38261,路面
1,1,275,1,10262.41739,路面
1,1,276,1,10267.45217,路面
1,1,277,1,10272.48696,路面
1,1,278,1,10277.52174,路面
1,1,279,1,10282.55652,路面
1,1,280,1,10287.5913,路面
1,1,281,1,10292.62609,路面
1,1,282,1,10297.66087,路面
1,1,283,1,10302.69565,路面
1,1,284,1,10307.73043,路面
1,1,285,1,10312.76522,路面
1,1,286,1,10317.8,路面
1,1,287,1,10322.83478,路面
1,1,288,1,10327.86957,路面
1,1,289,1,10332.90435,路面
1,1,290,1,10337.93913,路面
1,1,291,1,10342.97391,路面
1,1,292,1,10348.0087,路面
1,1,293,1,10353.04348,路面
1,1,294,1,10358.07826,路面
1,1,295,1,10363.11304,路面
1,1,296,1,10368.14783,路面
1,1,297,1,10373.18261,路面
1,1,298,1,10378.21739,路面
1,1,299,1,10383.25217,路面
1,1,300,1,10388.28696,路面
1,1,301,1,10393.32174,路面
1,1,302,1,10398.35652,路面
1,1,303,1,10403.3913,路面
1,1,304,1,10408.42609,路面
1,1,305,1,10413.46087,路面
1,1,306,1,10418.49565,路面
1,1,307,1,10423.53043,路面
1,1,308,1,10428.56522,路面
1,1,309,1,10433.6,路面
1,1,310,1,10438.63478,路面
1,1,311,1,10443.66957,路面
1,1,312,1,10448.70435,路面
1,1,313,1,10453.73913,路面
1,1,314,1,10458.77391,路面
1,1,315,1,10463.8087,路面
1,1,316,1,10468.84348,路面
1,1,317,1,10473.87826,路面
1,1,318,1,10478.91304,路面
1,1,319,1,10483.94783,路面
1,1,320,1,10488.98261,路面
1,1,321,1,10494.01739,路面
1,1,322,1,10499.05217,路面
1,1,323,1,10504.08696,路面
1,1,324,1,10509.12174,路面
1,1,325,1,10514.15652,路面
1,1,326,1,10519.1913,路面
1,1,327,1,10524.22609,路面
1,1,328,1,10529.26087,路面
1,1,329,1,10534.29565,路面
1,1,330,1,10539.33043,路面
1,1,331,1,10544.36522,路面
1,1,332,1,10549.4,路面
1,1,333,1,10554.43478,路面
1,1,334,1,10559.46957,路面
1,1,335,1,10564.50435,路面
1,1,336,1,10569.53913,路面
1,1,337,1,10574.57391,路面
1,1,338,1,10579.6087,路面
1,1,339,1,10584.64348,路面
1,1,340,1,10589.67826,路面
1,1,341,1,10594.71304,路面
1,1,342,1,10599.74783,路面
1,1,343,1,10604.78261,路面
1,1,344,1,10609.81739,路面
1,1,345,1,10614.85217,路面
1,1,346,1,10619.88696,路面
1,1,347,1,10624.92174,路面
1,1,348,1,10629.95652,路面
1,1,349,1,10634.9913,路面
1,1,350,1,10640.02609,路面
1,1,351,1,10645.06087,路面
1,1,352,1,10650.09565,路面
1,1,353,1,10655.13043,路面
1,1,354,1,10660.16522,路面
1,1,355,1,10665.2,路面
1,1,356,1,10670.23478,路面
1,1,357,1,10675.26957,路面
1,1,358,1,10680.30435,路面
1,1,359,1,10685.33913,路面
1,1,360,1,10690.37391,路面
1,1,361,1,10695.4087,路面
1,1,362,1,10700.44348,路面
1,1,363,1,10705.47826,路面
1,1,364,1,10710.51304,路面
1,1,365,1,10715.54783,路面
1,1,366,1,10720.58261,路面
1,1,367,1,10725.61739,路面
1,1,368,1,10730.65217,路面
1,1,369,1,10735.68696,路面
1,1,370,1,10740.72174,路面
1,1,371,1,10745.75652,路面
1,1,372,1,10750.7913,路面
1,1,373,1,10755.82609,路面
1,1,374,1,10760.86087,路面
1,1,375,1,10765.89565,路面
1,1,376,1,10770.93043,路面
1,1,377,1,10775.96522,路面
1,1,378,1,10781,路面
1,2,119,2,9623,路面
1,2,120,2,9628.034783,路面
1,2,121,2,9633.069565,路面
1,2,122,2,9638.104348,路面
1,2,123,2,9643.13913,路面
1,2,124,2,9648.173913,路面
1,2,125,2,9653.208696,路面
1,2,126,2,9658.243478,路面
1,2,127,2,9663.278261,路面
1,2,128,2,9668.313043,路面
1,2,129,2,9673.347826,路面
1,2,130,2,9678.382609,路面
1,2,131,2,9683.417391,路面
1,2,132,2,9688.452174,路面
1,2,133,2,9693.486957,路面
1,2,134,2,9698.521739,路面
1,2,135,2,9703.556522,路面
1,2,136,2,9708.591304,路面
1,2,137,2,9713.626087,路面
1,2,138,2,9718.66087,路面
1,2,139,2,9723.695652,路面
1,2,140,2,9728.730435,路面
1,2,141,2,9733.765217,路面
1,2,142,2,9738.8,路面
1,2,143,2,9743.834783,路面
1,2,144,2,9748.869565,路面
1,2,145,2,9753.904348,路面
1,2,146,2,9758.93913,路面
1,2,147,2,9763.973913,路面
1,2,148,2,9769.008696,路面
1,2,149,2,9774.043478,路面
1,2,150,2,9779.078261,路面
1,2,151,2,9784.113043,路面
1,2,152,2,9789.147826,路面
1,2,153,2,9794.182609,路面
1,2,154,2,9799.217391,路面
1,2,155,2,9804.252174,路面
1,2,156,2,9809.286957,路面
1,2,157,2,9814.321739,路面
1,2,158,2,9819.356522,路面
1,2,159,2,9824.391304,路面
1,2,160,2,9829.426087,路面
1,2,161,2,9834.46087,路面
1,2,162,2,9839.495652,路面
1,2,163,2,9844.530435,路面
1,2,164,2,9849.565217,路面
1,2,165,2,9854.6,路面
1,2,166,2,9859.634783,路面
1,2,167,2,9864.669565,路面
1,2,168,2,9869.704348,路面
1,2,169,2,9874.73913,路面
1,2,170,2,9879.773913,路面
1,2,171,2,9884.808696,路面
1,2,172,2,9889.843478,路面
1,2,173,2,9894.878261,路面
1,2,174,2,9899.913043,路面
1,2,175,2,9904.947826,路面
1,2,176,2,9909.982609,路面
1,2,177,2,9915.017391,路面
1,2,178,2,9920.052174,路面
1,2,179,2,9925.086957,路面
1,2,180,2,9930.121739,路面
1,2,181,2,9935.156522,路面
1,2,182,2,9940.191304,路面
1,2,183,2,9945.226087,路面
1,2,184,2,9950.26087,路面
1,2,185,2,9955.295652,路面
1,2,186,2,9960.330435,路面
1,2,187,2,9965.365217,路面
1,2,188,2,9970.4,路面
1,2,189,2,9975.434783,路面
1,2,190,2,9980.469565,路面
1,2,191,2,9985.504348,路面
1,2,192,2,9990.53913,路面
1,2,193,2,9995.573913,路面
1,2,194,2,10000.6087,路面
1,2,195,2,10005.64348,路面
1,2,196,2,10010.67826,路面
1,2,197,2,10015.71304,路面
1,2,198,2,10020.74783,路面
1,2,199,2,10025.78261,路面
1,2,200,2,10030.81739,路面
1,2,201,2,10035.85217,路面
1,2,202,2,10040.88696,路面
1,2,203,2,10045.92174,路面
1,2,204,2,10050.95652,路面
1,2,205,2,10055.9913,路面
1,2,206,2,10061.02609,路面
1,2,207,2,10066.06087,路面
1,2,208,2,10071.09565,路面
1,2,209,2,10076.13043,路面
1,2,210,2,10081.16522,路面
1,2,211,2,10086.2,路面
1,2,212,2,10091.23478,路面
1,2,213,2,10096.26957,路面
1,2,214,2,10101.30435,路面
1,2,215,2,10106.33913,路面
1,2,216,2,10111.37391,路面
1,2,217,2,10116.4087,路面
1,2,218,2,10121.44348,路面
1,2,219,2,10126.47826,路面
1,2,220,2,10131.51304,路面
1,2,221,2,10136.54783,路面
1,2,222,2,10141.58261,路面
1,2,223,2,10146.61739,路面
1,2,224,2,10151.65217,路面
1,2,225,2,10156.68696,路面
1,2,226,2,10161.72174,路面
1,2,227,2,10166.75652,路面
1,2,228,2,10171.7913,路面
1,2,229,2,10176.82609,路面
1,2,230,2,10181.86087,路面
1,2,231,2,10186.89565,路面
1,2,232,2,10191.93043,路面
1,2,233,2,10196.96522,路面
1,2,234,2,10202,路面
1,2,234,2,10207.03478,路面
1,2,235,2,10212.06957,路面
1,2,236,2,10217.10435,路面
1,2,237,2,10222.13913,路面
1,2,238,2,10227.17391,路面
1,2,239,2,10232.2087,路面
1,2,240,2,10237.24348,路面
1,2,241,2,10242.27826,路面
1,2,242,2,10247.31304,路面
1,2,243,2,10252.34783,路面
1,2,244,2,10257.38261,路面
1,2,245,2,10262.41739,路面
1,2,246,2,10267.45217,路面
1,2,247,2,10272.48696,路面
1,2,248,2,10277.52174,路面
1,2,249,2,10282.55652,路面
1,2,250,2,10287.5913,路面
1,2,251,2,10292.62609,路面
1,2,252,2,10297.66087,路面
1,2,253,2,10302.69565,路面
1,2,254,2,10307.73043,路面
1,2,255,2,10312.76522,路面
1,2,256,2,10317.8,路面
1,2,257,2,10322.83478,路面
1,2,258,2,10327.86957,路面
1,2,259,2,10332.90435,路面
1,2,260,2,10337.93913,路面
1,2,261,2,10342.97391,路面
1,2,262,2,10348.0087,路面
1,2,263,2,10353.04348,路面
1,2,264,2,10358.07826,路面
1,2,265,2,10363.11304,路面
1,2,266,2,10368.14783,路面
1,2,267,2,10373.18261,路面
1,2,268,2,10378.21739,路面
1,2,269,2,10383.25217,路面
1,2,270,2,10388.28696,路面
1,2,271,2,10393.32174,路面
1,2,272,2,10398.35652,路面
1,2,273,2,10403.3913,路面
1,2,274,2,10408.42609,路面
1,2,275,2,10413.46087,路面
1,2,276,2,10418.49565,路面
1,2,277,2,10423.53043,路面
1,2,278,2,10428.56522,路面
1,2,279,2,10433.6,路面
1,2,280,2,10438.63478,路面
1,2,281,2,10443.66957,路面
1,2,282,2,10448.70435,路面
1,2,283,2,10453.73913,路面
1,2,284,2,10458.77391,路面
1,2,285,2,10463.8087,路面
1,2,286,2,10468.84348,路面
1,2,287,2,10473.87826,路面
1,2,288,2,10478.91304,路面
1,2,289,2,10483.94783,路面
1,2,290,2,10488.98261,路面
1,2,291,2,10494.01739,路面
1,2,292,2,10499.05217,路面
1,2,293,2,10504.08696,路面
1,2,294,2,10509.12174,路面
1,2,295,2,10514.15652,路面
1,2,296,2,10519.1913,路面
1,2,297,2,10524.22609,路面
1,2,298,2,10529.26087,路面
1,2,299,2,10534.29565,路面
1,2,300,2,10539.33043,路面
1,2,301,2,10544.36522,路面
1,2,302,2,10549.4,路面
1,2,303,2,10554.43478,路面
1,2,304,2,10559.46957,路面
1,2,305,2,10564.50435,路面
1,2,306,2,10569.53913,路面
1,2,307,2,10574.57391,路面
1,2,308,2,10579.6087,路面
1,2,309,2,10584.64348,路面
1,2,310,2,10589.67826,路面
1,2,311,2,10594.71304,路面
1,2,312,2,10599.74783,路面
1,2,313,2,10604.78261,路面
1,2,314,2,10609.81739,路面
1,2,315,2,10614.85217,路面
1,2,316,2,10619.88696,路面
1,2,317,2,10624.92174,路面
1,2,318,2,10629.95652,路面
1,2,319,2,10634.9913,路面
1,2,320,2,10640.02609,路面
1,2,321,2,10645.06087,路面
1,2,322,2,10650.09565,路面
1,2,323,2,10655.13043,路面
1,2,324,2,10660.16522,路面
1,2,325,2,10665.2,路面
1,2,326,2,10670.23478,路面
1,2,327,2,10675.26957,路面
1,2,328,2,10680.30435,路面
1,2,329,2,10685.33913,路面
1,2,330,2,10690.37391,路面
1,2,331,2,10695.4087,路面
1,2,332,2,10700.44348,路面
1,2,333,2,10705.47826,路面
1,2,334,2,10710.51304,路面
1,2,335,2,10715.54783,路面
1,2,336,2,10720.58261,路面
1,2,337,2,10725.61739,路面
1,2,338,2,10730.65217,路面
1,2,339,2,10735.68696,路面
1,2,340,2,10740.72174,路面
1,2,341,2,10745.75652,路面
1,2,342,2,10750.7913,路面
1,2,343,2,10755.82609,路面
1,2,344,2,10760.86087,路面
1,2,345,2,10765.89565,路面
1,2,346,2,10770.93043,路面
1,2,347,2,10775.96522,路面
1,2,348,2,10781,路面
1,3,117,3,9623,路面
1,3,118,3,9628.034783,路面
1,3,119,3,9633.069565,路面
1,3,120,3,9638.104348,路面
1,3,121,3,9643.13913,路面
1,3,122,3,9648.173913,路面
1,3,123,3,9653.208696,路面
1,3,124,3,9658.243478,路面
1,3,125,3,9663.278261,路面
1,3,126,3,9668.313043,路面
1,3,127,3,9673.347826,路面
1,3,128,3,9678.382609,路面
1,3,129,3,9683.417391,路面
1,3,130,3,9688.452174,路面
1,3,131,3,9693.486957,路面
1,3,132,3,9698.521739,路面
1,3,133,3,9703.556522,路面
1,3,134,3,9708.591304,路面
1,3,135,3,9713.626087,路面
1,3,136,3,9718.66087,路面
1,3,137,3,9723.695652,路面
1,3,138,3,9728.730435,路面
1,3,139,3,9733.765217,路面
1,3,140,3,9738.8,路面
1,3,141,3,9743.834783,路面
1,3,142,3,9748.869565,路面
1,3,143,3,9753.904348,路面
1,3,144,3,9758.93913,路面
1,3,145,3,9763.973913,路面
1,3,146,3,9769.008696,路面
1,3,147,3,9774.043478,路面
1,3,148,3,9779.078261,路面
1,3,149,3,9784.113043,路面
1,3,150,3,9789.147826,路面
1,3,151,3,9794.182609,路面
1,3,152,3,9799.217391,路面
1,3,153,3,9804.252174,路面
1,3,154,3,9809.286957,路面
1,3,155,3,9814.321739,路面
1,3,156,3,9819.356522,路面
1,3,157,3,9824.391304,路面
1,3,158,3,9829.426087,路面
1,3,159,3,9834.46087,路面
1,3,160,3,9839.495652,路面
1,3,161,3,9844.530435,路面
1,3,162,3,9849.565217,路面
1,3,163,3,9854.6,路面
1,3,164,3,9859.634783,路面
1,3,165,3,9864.669565,路面
1,3,166,3,9869.704348,路面
1,3,167,3,9874.73913,路面
1,3,168,3,9879.773913,路面
1,3,169,3,9884.808696,路面
1,3,170,3,9889.843478,路面
1,3,171,3,9894.878261,路面
1,3,172,3,9899.913043,路面
1,3,173,3,9904.947826,路面
1,3,174,3,9909.982609,路面
1,3,175,3,9915.017391,路面
1,3,176,3,9920.052174,路面
1,3,177,3,9925.086957,路面
1,3,178,3,9930.121739,路面
1,3,179,3,9935.156522,路面
1,3,180,3,9940.191304,路面
1,3,181,3,9945.226087,路面
1,3,182,3,9950.26087,路面
1,3,183,3,9955.295652,路面
1,3,184,3,9960.330435,路面
1,3,185,3,9965.365217,路面
1,3,186,3,9970.4,路面
1,3,187,3,9975.434783,路面
1,3,188,3,9980.469565,路面
1,3,189,3,9985.504348,路面
1,3,190,3,9990.53913,路面
1,3,191,3,9995.573913,路面
1,3,192,3,10000.6087,路面
1,3,193,3,10005.64348,路面
1,3,194,3,10010.67826,路面
1,3,195,3,10015.71304,路面
1,3,196,3,10020.74783,路面
1,3,197,3,10025.78261,路面
1,3,198,3,10030.81739,路面
1,3,199,3,10035.85217,路面
1,3,200,3,10040.88696,路面
1,3,201,3,10045.92174,路面
1,3,202,3,10050.95652,路面
1,3,203,3,10055.9913,路面
1,3,204,3,10061.02609,路面
1,3,205,3,10066.06087,路面
1,3,206,3,10071.09565,路面
1,3,207,3,10076.13043,路面
1,3,208,3,10081.16522,路面
1,3,209,3,10086.2,路面
1,3,210,3,10091.23478,路面
1,3,211,3,10096.26957,路面
1,3,212,3,10101.30435,路面
1,3,213,3,10106.33913,路面
1,3,214,3,10111.37391,路面
1,3,215,3,10116.4087,路面
1,3,216,3,10121.44348,路面
1,3,217,3,10126.47826,路面
1,3,218,3,10131.51304,路面
1,3,219,3,10136.54783,路面
1,3,220,3,10141.58261,路面
1,3,221,3,10146.61739,路面
1,3,222,3,10151.65217,路面
1,3,223,3,10156.68696,路面
1,3,224,3,10161.72174,路面
1,3,225,3,10166.75652,路面
1,3,226,3,10171.7913,路面
1,3,227,3,10176.82609,路面
1,3,228,3,10181.86087,路面
1,3,229,3,10186.89565,路面
1,3,230,3,10191.93043,路面
1,3,231,3,10196.96522,路面
1,3,232,3,10202,路面
1,3,233,3,10207.03478,路面
1,3,234,3,10212.06957,路面
1,3,235,3,10217.10435,路面
1,3,236,3,10222.13913,路面
1,3,237,3,10227.17391,路面
1,3,238,3,10232.2087,路面
1,3,239,3,10237.24348,路面
1,3,240,3,10242.27826,路面
1,3,241,3,10247.31304,路面
1,3,242,3,10252.34783,路面
1,3,243,3,10257.38261,路面
1,3,244,3,10262.41739,路面
1,3,245,3,10267.45217,路面
1,3,246,3,10272.48696,路面
1,3,247,3,10277.52174,路面
1,3,248,3,10282.55652,路面
1,3,249,3,10287.5913,路面
1,3,250,3,10292.62609,路面
1,3,251,3,10297.66087,路面
1,3,252,3,10302.69565,路面
1,3,253,3,10307.73043,路面
1,3,254,3,10312.76522,路面
1,3,255,3,10317.8,路面
1,3,256,3,10322.83478,路面
1,3,257,3,10327.86957,路面
1,3,258,3,10332.90435,路面
1,3,259,3,10337.93913,路面
1,3,260,3,10342.97391,路面
1,3,261,3,10348.0087,路面
1,3,262,3,10353.04348,路面
1,3,263,3,10358.07826,路面
1,3,264,3,10363.11304,路面
1,3,265,3,10368.14783,路面
1,3,266,3,10373.18261,路面
1,3,267,3,10378.21739,路面
1,3,268,3,10383.25217,路面
1,3,269,3,10388.28696,路面
1,3,270,3,10393.32174,路面
1,3,271,3,10398.35652,路面
1,3,272,3,10403.3913,路面
1,3,273,3,10408.42609,路面
1,3,274,3,10413.46087,路面
1,3,275,3,10418.49565,路面
1,3,276,3,10423.53043,路面
1,3,277,3,10428.56522,路面
1,3,278,3,10433.6,路面
1,3,279,3,10438.63478,路面
1,3,280,3,10443.66957,路面
1,3,281,3,10448.70435,路面
1,3,282,3,10453.73913,路面
1,3,283,3,10458.77391,路面
1,3,284,3,10463.8087,路面
1,3,285,3,10468.84348,路面
1,3,286,3,10473.87826,路面
1,3,287,3,10478.91304,路面
1,3,288,3,10483.94783,路面
1,3,289,3,10488.98261,路面
1,3,290,3,10494.01739,路面
1,3,291,3,10499.05217,路面
1,3,292,3,10504.08696,路面
1,3,293,3,10509.12174,路面
1,3,294,3,10514.15652,路面
1,3,295,3,10519.1913,路面
1,3,296,3,10524.22609,路面
1,3,297,3,10529.26087,路面
1,3,298,3,10534.29565,路面
1,3,299,3,10539.33043,路面
1,3,300,3,10544.36522,路面
1,3,301,3,10549.4,路面
1,3,302,3,10554.43478,路面
1,3,303,3,10559.46957,路面
1,3,304,3,10564.50435,路面
1,3,305,3,10569.53913,路面
1,3,306,3,10574.57391,路面
1,3,307,3,10579.6087,路面
1,3,308,3,10584.64348,路面
1,3,309,3,10589.67826,路面
1,3,310,3,10594.71304,路面
1,3,311,3,10599.74783,路面
1,3,312,3,10604.78261,路面
1,3,313,3,10609.81739,路面
1,3,314,3,10614.85217,路面
1,3,315,3,10619.88696,路面
1,3,316,3,10624.92174,路面
1,3,317,3,10629.95652,路面
1,3,318,3,10634.9913,路面
1,3,319,3,10640.02609,路面
1,3,320,3,10645.06087,路面
1,3,321,3,10650.09565,路面
1,3,322,3,10655.13043,路面
1,3,323,3,10660.16522,路面
1,3,324,3,10665.2,路面
1,3,325,3,10670.23478,路面
1,3,326,3,10675.26957,路面
1,3,327,3,10680.30435,路面
1,3,328,3,10685.33913,路面
1,3,329,3,10690.37391,路面
1,3,330,3,10695.4087,路面
1,3,331,3,10700.44348,路面
1,3,332,3,10705.47826,路面
1,3,333,3,10710.51304,路面
1,3,334,3,10715.54783,路面
1,3,335,3,10720.58261,路面
1,3,336,3,10725.61739,路面
1,3,337,3,10730.65217,路面
1,3,338,3,10735.68696,路面
1,3,339,3,10740.72174,路面
1,3,340,3,10745.75652,路面
1,3,341,3,10750.7913,路面
1,3,342,3,10755.82609,路面
1,3,343,3,10760.86087,路面
1,3,344,3,10765.89565,路面
1,3,345,3,10770.93043,路面
1,3,346,3,10775.96522,路面
1,3,347,3,10781,路面
1,4,114,4,9623,路面
1,4,115,4,9628.034783,路面
1,4,116,4,9633.069565,路面
1,4,117,4,9638.104348,路面
1,4,118,4,9643.13913,路面
1,4,119,4,9648.173913,路面
1,4,120,4,9653.208696,路面
1,4,121,4,9658.243478,路面
1,4,122,4,9663.278261,路面
1,4,123,4,9668.313043,路面
1,4,124,4,9673.347826,路面
1,4,125,4,9678.382609,路面
1,4,126,4,9683.417391,路面
1,4,127,4,9688.452174,路面
1,4,128,4,9693.486957,路面
1,4,129,4,9698.521739,路面
1,4,130,4,9703.556522,路面
1,4,131,4,9708.591304,路面
1,4,132,4,9713.626087,路面
1,4,133,4,9718.66087,路面
1,4,134,4,9723.695652,路面
1,4,135,4,9728.730435,路面
1,4,136,4,9733.765217,路面
1,4,137,4,9738.8,路面
1,4,138,4,9743.834783,路面
1,4,139,4,9748.869565,路面
1,4,140,4,9753.904348,路面
1,4,141,4,9758.93913,路面
1,4,142,4,9763.973913,路面
1,4,143,4,9769.008696,路面
1,4,144,4,9774.043478,路面
1,4,145,4,9779.078261,路面
1,4,146,4,9784.113043,路面
1,4,147,4,9789.147826,路面
1,4,148,4,9794.182609,路面
1,4,149,4,9799.217391,路面
1,4,150,4,9804.252174,路面
1,4,151,4,9809.286957,路面
1,4,152,4,9814.321739,路面
1,4,153,4,9819.356522,路面
1,4,154,4,9824.391304,路面
1,4,155,4,9829.426087,路面
1,4,156,4,9834.46087,路面
1,4,157,4,9839.495652,路面
1,4,158,4,9844.530435,路面
1,4,159,4,9849.565217,路面
1,4,160,4,9854.6,路面
1,4,161,4,9859.634783,路面
1,4,162,4,9864.669565,路面
1,4,163,4,9869.704348,路面
1,4,164,4,9874.73913,路面
1,4,165,4,9879.773913,路面
1,4,166,4,9884.808696,路面
1,4,167,4,9889.843478,路面
1,4,168,4,9894.878261,路面
1,4,169,4,9899.913043,路面
1,4,170,4,9904.947826,路面
1,4,171,4,9909.982609,路面
1,4,172,4,9915.017391,路面
1,4,173,4,9920.052174,路面
1,4,174,4,9925.086957,路面
1,4,175,4,9930.121739,路面
1,4,176,4,9935.156522,路面
1,4,177,4,9940.191304,路面
1,4,178,4,9945.226087,路面
1,4,179,4,9950.26087,路面
1,4,180,4,9955.295652,路面
1,4,181,4,9960.330435,路面
1,4,182,4,9965.365217,路面
1,4,183,4,9970.4,路面
1,4,184,4,9975.434783,路面
1,4,185,4,9980.469565,路面
1,4,186,4,9985.504348,路面
1,4,187,4,9990.53913,路面
1,4,188,4,9995.573913,路面
1,4,189,4,10000.6087,路面
1,4,190,4,10005.64348,路面
1,4,191,4,10010.67826,路面
1,4,192,4,10015.71304,路面
1,4,193,4,10020.74783,路面
1,4,194,4,10025.78261,路面
1,4,195,4,10030.81739,路面
1,4,196,4,10035.85217,路面
1,4,197,4,10040.88696,路面
1,4,198,4,10045.92174,路面
1,4,199,4,10050.95652,路面
1,4,200,4,10055.9913,路面
1,4,201,4,10061.02609,路面
1,4,202,4,10066.06087,路面
1,4,203,4,10071.09565,路面
1,4,204,4,10076.13043,路面
1,4,205,4,10081.16522,路面
1,4,206,4,10086.2,路面
1,4,207,4,10091.23478,路面
1,4,208,4,10096.26957,路面
1,4,209,4,10101.30435,路面
1,4,210,4,10106.33913,路面
1,4,211,4,10111.37391,路面
1,4,212,4,10116.4087,路面
1,4,213,4,10121.44348,路面
1,4,214,4,10126.47826,路面
1,4,215,4,10131.51304,路面
1,4,216,4,10136.54783,路面
1,4,217,4,10141.58261,路面
1,4,218,4,10146.61739,路面
1,4,219,4,10151.65217,路面
1,4,220,4,10156.68696,路面
1,4,221,4,10161.72174,路面
1,4,222,4,10166.75652,路面
1,4,223,4,10171.7913,路面
1,4,224,4,10176.82609,路面
1,4,225,4,10181.86087,路面
1,4,226,4,10186.89565,路面
1,4,227,4,10191.93043,路面
1,4,228,4,10196.96522,路面
1,4,229,4,10202,路面
1,4,230,4,10207.03478,路面
1,4,231,4,10212.06957,路面
1,4,232,4,10217.10435,路面
1,4,233,4,10222.13913,路面
1,4,234,4,10227.17391,路面
1,4,235,4,10232.2087,路面
1,4,236,4,10237.24348,路面
1,4,237,4,10242.27826,路面
1,4,238,4,10247.31304,路面
1,4,239,4,10252.34783,路面
1,4,240,4,10257.38261,路面
1,4,241,4,10262.41739,路面
1,4,242,4,10267.45217,路面
1,4,243,4,10272.48696,路面
1,4,244,4,10277.52174,路面
1,4,245,4,10282.55652,路面
1,4,246,4,10287.5913,路面
1,4,247,4,10292.62609,路面
1,4,248,4,10297.66087,路面
1,4,249,4,10302.69565,路面
1,4,250,4,10307.73043,路面
1,4,251,4,10312.76522,路面
1,4,252,4,10317.8,路面
1,4,253,4,10322.83478,路面
1,4,254,4,10327.86957,路面
1,4,255,4,10332.90435,路面
1,4,256,4,10337.93913,路面
1,4,257,4,10342.97391,路面
1,4,258,4,10348.0087,路面
1,4,259,4,10353.04348,路面
1,4,260,4,10358.07826,路面
1,4,261,4,10363.11304,路面
1,4,262,4,10368.14783,路面
1,4,263,4,10373.18261,路面
1,4,264,4,10378.21739,路面
1,4,265,4,10383.25217,路面
1,4,266,4,10388.28696,路面
1,4,267,4,10393.32174,路面
1,4,268,4,10398.35652,路面
1,4,269,4,10403.3913,路面
1,4,270,4,10408.42609,路面
1,4,271,4,10413.46087,路面
1,4,272,4,10418.49565,路面
1,4,273,4,10423.53043,路面
1,4,274,4,10428.56522,路面
1,4,275,4,10433.6,路面
1,4,276,4,10438.63478,路面
1,4,277,4,10443.66957,路面
1,4,278,4,10448.70435,路面
1,4,279,4,10453.73913,路面
1,4,280,4,10458.77391,路面
1,4,281,4,10463.8087,路面
1,4,282,4,10468.84348,路面
1,4,283,4,10473.87826,路面
1,4,284,4,10478.91304,路面
1,4,285,4,10483.94783,路面
1,4,286,4,10488.98261,路面
1,4,287,4,10494.01739,路面
1,4,288,4,10499.05217,路面
1,4,289,4,10504.08696,路面
1,4,290,4,10509.12174,路面
1,4,291,4,10514.15652,路面
1,4,292,4,10519.1913,路面
1,4,293,4,10524.22609,路面
1,4,294,4,10529.26087,路面
1,4,295,4,10534.29565,路面
1,4,296,4,10539.33043,路面
1,4,297,4,10544.36522,路面
1,4,298,4,10549.4,路面
1,4,299,4,10554.43478,路面
1,4,300,4,10559.46957,路面
1,4,301,4,10564.50435,路面
1,4,302,4,10569.53913,路面
1,4,303,4,10574.57391,路面
1,4,304,4,10579.6087,路面
1,4,305,4,10584.64348,路面
1,4,306,4,10589.67826,路面
1,4,307,4,10594.71304,路面
1,4,308,4,10599.74783,路面
1,4,309,4,10604.78261,路面
1,4,310,4,10609.81739,路面
1,4,311,4,10614.85217,路面
1,4,312,4,10619.88696,路面
1,4,313,4,10624.92174,路面
1,4,314,4,10629.95652,路面
1,4,315,4,10634.9913,路面
1,4,316,4,10640.02609,路面
1,4,317,4,10645.06087,路面
1,4,318,4,10650.09565,路面
1,4,319,4,10655.13043,路面
1,4,320,4,10660.16522,路面
1,4,321,4,10665.2,路面
1,4,322,4,10670.23478,路面
1,4,323,4,10675.26957,路面
1,4,324,4,10680.30435,路面
1,4,325,4,10685.33913,路面
1,4,326,4,10690.37391,路面
1,4,327,4,10695.4087,路面
1,4,328,4,10700.44348,路面
1,4,329,4,10705.47826,路面
1,4,330,4,10710.51304,路面
1,4,331,4,10715.54783,路面
1,4,332,4,10720.58261,路面
1,4,333,4,10725.61739,路面
1,4,334,4,10730.65217,路面
1,4,335,4,10735.68696,路面
1,4,336,4,10740.72174,路面
1,4,337,4,10745.75652,路面
1,4,338,4,10750.7913,路面
1,4,339,4,10755.82609,路面
1,4,340,4,10760.86087,路面
1,4,341,4,10765.89565,路面
1,4,342,4,10770.93043,路面
1,4,343,4,10775.96522,路面
1,4,344,4,10781,路面
